Number	Length	Length_Real	Stemming	Stemming_Real	Angle	Angle_Real	Azimuth	Azimuth_Real	Subdrilling	Subdrilling_Real	Total_Charge	Total_Charge_Real	Charge_Bulk	Charge_Bulk_Real	Charge_Cartridge	Charge_Cartridge_Real	Charge_Description	eliminated	waterPresence	waterColumn	waterColumn_Real	changed	userName	userLogin	userId	dateUpdate	problemList	redrilled	StemmingProblem	ChargeProblem	Label1	Label2	Burden	Spacing	json	Diameter	Diameter_Real	UTM_X	UTM_X_Real	UTM_Y	UTM_Y_Real	Booster	Booster_Real	PowderFactor	PowderFactor_Real	Comment	FinalLength	TruckNumber	NumberOfDetonators	NumberOfPrimes	Temperature	Density	final_length	truck_number	number_detonators	number_primes	temperature	density
1	11.582	11.3	2.3	2.3	0	0	0	0	0.6	0.6	164.318	164.318	164.318	164.318	0	0	[{"name":"Emuls\u00e3o 1.15","qty":164.318,"mytype":"bulk"}]	0	0	0	0	1	thiago.ferreira@enaex.com	thiago.ferreira@enaex.com	9005	23/05/2026, 12:32:17		0	0	0			0	0		0.14	0.14	748576.979	748576.979	8930252.437	8930252.437	1	0	0	0		0	0	0	0	0	0						0
2	11.827	11.3	2.3	2.3	0	0	0	0	0.6	0.6	168.655	168.655	168.655	168.655	0	0	[{"name":"Emuls\u00e3o 1.15","qty":168.655,"mytype":"bulk"}]	0	0	0	0	1	thiago.ferreira@enaex.com	thiago.ferreira@enaex.com	9005	23/05/2026, 12:32:25		0	0	0			0	0		0.14	0.14	748576.979	748576.979	8930259.202	8930259.202	1	0	0	0		0	0	0	0	0	0						0
3	11.962	11.5	2.3	2.3	0	0	0	0	0.6	0.6	171.045	171.045	171.045	171.045	0	0	[{"name":"Emuls\u00e3o 1.15","qty":171.045,"mytype":"bulk"}]	0	0	0	0	1	thiago.ferreira@enaex.com	thiago.ferreira@enaex.com	9005	23/05/2026, 12:36:13		0	0	0			0	0		0.14	0.14	748576.97	748576.97	8930265.933	8930265.933	1	0	0	0		0	0	0	0	0	0						0
4	11.853	11.8	2.3	2.3	0	0	0	0	0.6	0.6	169.116	169.116	169.116	169.116	0	0	[{"name":"Emuls\u00e3o 1.15","qty":169.116,"mytype":"bulk"}]	0	0	0	0	1	thiago.ferreira@enaex.com	thiago.ferreira@enaex.com	9005	23/05/2026, 12:44:49		0	0	0			0	0		0.14	0.14	748576.973	748576.973	8930272.656	8930272.656	1	0	0	0		0	0	0	0	0	0						0
5	11.897	0	2.3	0	0	0	0	0	0.6	0	169.894	0	169.894	0	0	0		0	0	0	0	0			0		[]	0	0	0			0	0		0.14	0	748576.978	0	8930279.384	0	1	0	0	0		0	0	0	0	0	0						0
18	11.725	12	2.3	2.3	0	0	0	0	0.6	0.6	166.85	166.85	166.85	166.85	0	0	[{"name":"Emuls\u00e3o 1.15","qty":166.85,"mytype":"bulk"}]	0	0	0	0	1	thiago.ferreira@enaex.com	thiago.ferreira@enaex.com	9005	23/05/2026, 12:45:06		0	0	0			0	0		0.14	0.14	748574.747	748574.747	8930276.04	8930276.04	1	0	0	0		0	0	0	0	0	0						0
19	11.974	11.7	2.3	2.3	0	0	0	0	0.6	0.6	171.258	171.258	171.258	171.258	0	0	[{"name":"Emuls\u00e3o 1.15","qty":171.258,"mytype":"bulk"}]	0	0	0	0	1	thiago.ferreira@enaex.com	thiago.ferreira@enaex.com	9005	23/05/2026, 12:36:50		0	0	0			0	0		0.14	0.14	748574.738	748574.738	8930269.283	8930269.283	1	0	0	0		0	0	0	0	0	0						0
20	11.906	11.7	2.3	2.3	0	0	0	0	0.6	0.6	170.054	170.054	170.054	170.054	0	0	[{"name":"Emuls\u00e3o 1.15","qty":170.054,"mytype":"bulk"}]	0	0	0	0	1	thiago.ferreira@enaex.com	thiago.ferreira@enaex.com	9005	23/05/2026, 12:36:00		0	0	0			0	0		0.14	0.14	748574.727	748574.727	8930262.564	8930262.564	1	0	0	0		0	0	0	0	0	0						0
21	11.682	10.5	2.3	2.3	0	0	0	0	0.6	0.6	166.088	166.088	166.088	166.088	0	0	[{"name":"Emuls\u00e3o 1.15","qty":166.088,"mytype":"bulk"}]	0	0	0	0	1	thiago.ferreira@enaex.com	thiago.ferreira@enaex.com	9005	23/05/2026, 12:32:42		0	0	0			0	0		0.14	0.14	748574.731	748574.731	8930255.795	8930255.795	1	0	0	0		0	0	0	0	0	0						0
22	11.496	0	2.3	0	0	0	0	0	0.6	0	162.796	0	162.796	0	0	0		0	0	0	0	0			0		[]	0	0	0			0	0		0.14	0	748574.724	0	8930250.715	0	1	0	0	0		0	0	0	0	0	0						0
23	11.513	11.1	2.3	2.3	0	0	0	0	0.6	0.6	163.097	163.097	163.097	163.097	0	0	[{"name":"Emuls\u00e3o 1.15","qty":163.097,"mytype":"bulk"}]	0	0	0	0	1	thiago.ferreira@enaex.com	thiago.ferreira@enaex.com	9005	23/05/2026, 12:32:57		0	0	0			0	0		0.14	0.14	748572.494	748572.494	8930252.447	8930252.447	1	0	0	0		0	0	0	0	0	0						0
24	11.788	10.5	2.3	2.3	0	0	0	0	0.6	0.6	167.965	167.965	167.965	167.965	0	0	[{"name":"Emuls\u00e3o 1.15","qty":167.965,"mytype":"bulk"}]	0	0	0	0	1	thiago.ferreira@enaex.com	thiago.ferreira@enaex.com	9005	23/05/2026, 12:35:37		0	0	0			0	0		0.14	0.14	748572.512	748572.512	8930259.185	8930259.185	1	0	0	0		0	0	0	0	0	0						0
25	12.063	11.4	2.3	2.3	0	0	0	0	0.6	0.6	172.833	172.833	172.833	172.833	0	0	[{"name":"Emuls\u00e3o 1.15","qty":172.833,"mytype":"bulk"}]	0	0	0	0	1	thiago.ferreira@enaex.com	thiago.ferreira@enaex.com	9005	23/05/2026, 12:54:43		0	0	0			0	0		0.14	0.14	748572.5	748572.5	8930265.921	8930265.921	1	0	0	0		0	0	0	0	0	0						0
26	11.989	11.2	2.3	2.3	0	0	0	0	0.6	0.6	171.523	171.523	171.523	171.523	0	0	[{"name":"Emuls\u00e3o 1.15","qty":171.523,"mytype":"bulk"}]	0	0	0	0	1	thiago.ferreira@enaex.com	thiago.ferreira@enaex.com	9005	23/05/2026, 12:37:28		0	0	0			0	0		0.14	0.14	748572.51	748572.51	8930272.646	8930272.646	1	0	0	0		0	0	0	0	0	0						0
27	11.767	11.6	2.3	2.3	0	0	0	0	0.6	0.6	167.593	167.593	167.593	167.593	0	0	[{"name":"Emuls\u00e3o 1.15","qty":167.593,"mytype":"bulk"}]	0	1	0	3	1	thiago.ferreira@enaex.com	thiago.ferreira@enaex.com	9005	23/05/2026, 12:45:41		0	0	0			0	0		0.14	0.14	748572.499	748572.499	8930279.417	8930279.417	1	0	0	0		0	0	0	0	0	0						0
40	11.869	11.5	2.3	2.3	0	0	0	0	0.6	0.6	169.399	169.399	169.399	169.399	0	0	[{"name":"Emuls\u00e3o 1.15","qty":169.399,"mytype":"bulk"}]	0	1	0	4	1	thiago.ferreira@enaex.com	thiago.ferreira@enaex.com	9005	23/05/2026, 12:46:13		0	0	0			0	0		0.14	0.14	748570.256	748570.256	8930282.755	8930282.755	1	0	0	0		0	0	0	0	0	0						0
41	12.017	11.7	2.3	2.3	0	0	0	0	0.6	0.6	172.019	172.019	172.019	172.019	0	0	[{"name":"Emuls\u00e3o 1.15","qty":172.019,"mytype":"bulk"}]	0	0	0	0	1	thiago.ferreira@enaex.com	thiago.ferreira@enaex.com	9005	23/05/2026, 12:38:15		0	0	0			0	0		0.14	0.14	748570.268	748570.268	8930275.999	8930275.999	1	0	0	0		0	0	0	0	0	0						0
42	12.155	11.5	2.3	2.3	0	0	0	0	0.6	0.6	174.462	174.462	174.462	174.462	0	0	[{"name":"Emuls\u00e3o 1.15","qty":174.462,"mytype":"bulk"}]	0	1	0	3	1	thiago.ferreira@enaex.com	thiago.ferreira@enaex.com	9005	23/05/2026, 12:59:32		0	0	0			0	0		0.14	0.14	748570.228	748570.228	8930269.277	8930269.277	1	0	0	0		0	0	0	0	0	0						0
43	12.094	11.5	2.3	2.3	0	0	0	0	0.6	0.6	173.382	173.382	173.382	173.382	0	0	[{"name":"Emuls\u00e3o 1.15","qty":173.382,"mytype":"bulk"}]	0	1	0	3	1	thiago.ferreira@enaex.com	thiago.ferreira@enaex.com	9005	23/05/2026, 12:55:02		0	0	0			0	0		0.14	0.14	748570.27	748570.27	8930262.541	8930262.541	1	0	0	0		0	0	0	0	0	0						0
44	11.802	11	2.3	2.3	0	0	0	0	0.6	0.6	168.213	168.213	168.213	168.213	0	0	[{"name":"Emuls\u00e3o 1.15","qty":168.213,"mytype":"bulk"}]	0	0	0	0	1	thiago.ferreira@enaex.com	thiago.ferreira@enaex.com	9005	23/05/2026, 12:35:24		0	0	0			0	0		0.14	0.14	748570.249	748570.249	8930255.837	8930255.837	1	0	0	0		0	0	0	0	0	0						0
45	11.403	0	2.3	0	0	0	0	0	0.6	0	161.149	0	161.149	0	0	0		0	0	0	0	0			0		[]	0	0	0			0	0		0.14	0	748570.269	0	8930250.724	0	1	0	0	0		0	0	0	0	0	0						0
46	11.575	0	2.3	0	0	0	0	0	0.6	0	164.194	0	164.194	0	0	0		0	0	0	0	0			0		[]	0	0	0			0	0		0.14	0	748567.995	0	8930252.445	0	1	0	0	0		0	0	0	0	0	0						0
47	12.012	10.9	2.3	2.3	0	0	0	0	0.6	0.6	171.93	171.93	171.93	171.93	0	0	[{"name":"Emuls\u00e3o 1.15","qty":171.93,"mytype":"bulk"}]	0	1	0	4	1	thiago.ferreira@enaex.com	thiago.ferreira@enaex.com	9005	23/05/2026, 12:55:20		0	0	0			0	0		0.14	0.14	748568.018	748568.018	8930259.204	8930259.204	1	0	0	0		0	0	0	0	0	0						0
48	12.237	11.2	2.3	2.3	0	0	0	0	0.6	0.6	175.913	175.913	175.913	175.913	0	0	[{"name":"Emuls\u00e3o 1.15","qty":175.913,"mytype":"bulk"}]	0	0	0	0	1	thiago.ferreira@enaex.com	thiago.ferreira@enaex.com	9005	23/05/2026, 12:59:01		0	0	0			0	0		0.14	0.14	748568.003	748568.003	8930265.899	8930265.899	1	0	0	0		0	0	0	0	0	0						0
49	12.105	11.7	2.3	2.3	0	0	0	0	0.6	0.6	173.577	173.577	173.577	173.577	0	0	[{"name":"Emuls\u00e3o 1.15","qty":173.577,"mytype":"bulk"}]	0	1	0	4	1	thiago.ferreira@enaex.com	thiago.ferreira@enaex.com	9005	23/05/2026, 13:00:14		0	0	0			0	0		0.14	0.14	748567.995	748567.995	8930272.633	8930272.633	1	0	0	0		0	0	0	0	0	0						0
50	11.996	11.3	2.3	2.3	0	0	0	0	0.6	0.6	171.647	171.647	171.647	171.647	0	0	[{"name":"Emuls\u00e3o 1.15","qty":171.647,"mytype":"bulk"}]	0	0	0	0	1	thiago.ferreira@enaex.com	thiago.ferreira@enaex.com	9005	23/05/2026, 12:38:26		0	0	0			0	0		0.14	0.14	748567.978	748567.978	8930279.41	8930279.41	1	0	0	0		0	0	0	0	0	0						0
51	11.921	11.4	2.3	2.3	0	0	0	0	0.6	0.6	170.319	170.319	170.319	170.319	0	0	[{"name":"Emuls\u00e3o 1.15","qty":170.319,"mytype":"bulk"}]	0	1	0	4	1	thiago.ferreira@enaex.com	thiago.ferreira@enaex.com	9005	23/05/2026, 12:46:35		0	0	0			0	0		0.14	0.14	748568.009	748568.009	8930286.12	8930286.12	1	0	0	0		0	0	0	0	0	0						0
52	11.919	0	2.3	0	0	0	0	0	0.6	0	170.284	0	170.284	0	0	0		0	0	0	0	0			0		[]	0	0	0			0	0		0.14	0	748567.993	0	8930292.853	0	1	0	0	0		0	0	0	0	0	0						0
61	12.357	0	2.3	0	0	0	0	0	0.6	0	178.038	0	178.038	0	0	0		0	0	0	0	0			0		[]	0	0	0			0	0		0.14	0	748565.762	0	8930296.233	0	1	0	0	0		0	0	0	0	0	0						0
62	11.979	11.7	2.3	2.3	0	0	0	0	0.6	0.6	171.346	150	171.346	150	0	0	[{"index":1,"mytype":"bulk","name":"Emuls\u00e3o 1.15","qty":150,"weight":1}]	0	1	0	4	1	thiago.ferreira@enaex.com	thiago.ferreira@enaex.com	9005	25/05/2026, 19:42:22		0	0	0			0	0		0.14	0.14	748565.768	748565.768	8930289.481	8930289.481	1	0	0	0		0	0	0	0	0	0						0
63	11.945	10.6	2.3	2.3	0	0	0	0	0.6	0.6	170.744	170.744	170.744	170.744	0	0	[{"name":"Emuls\u00e3o 1.15","qty":170.744,"mytype":"bulk"}]	0	1	0	5	1	thiago.ferreira@enaex.com	thiago.ferreira@enaex.com	9005	23/05/2026, 12:38:43		0	0	0			0	0		0.14	0.14	748565.756	748565.756	8930282.751	8930282.751	1	0	0	0		0	0	0	0	0	0						0
64	12.065	11.6	2.3	2.3	0	0	0	0	0.6	0.6	172.869	172.869	172.869	172.869	0	0	[{"name":"Emuls\u00e3o 1.15","qty":172.869,"mytype":"bulk"}]	0	0	0	0	1	thiago.ferreira@enaex.com	thiago.ferreira@enaex.com	9005	23/05/2026, 13:32:26		0	0	0			0	0		0.14	0.14	748565.787	748565.787	8930276.026	8930276.026	1	0	0	0		0	0	0	0	0	0						0
65	12.28	11	2.3	2.3	0	0	0	0	0.6	0.6	176.675	176.675	176.675	176.675	0	0	[{"name":"Emuls\u00e3o 1.15","qty":176.675,"mytype":"bulk"}]	0	0	0	0	1	thiago.ferreira@enaex.com	thiago.ferreira@enaex.com	9005	23/05/2026, 13:00:37		0	0	0			0	0		0.14	0.14	748565.779	748565.779	8930269.271	8930269.271	1	0	0	0		0	0	0	0	0	0						0
66	12.194	11.7	2.3	2.3	0	0	0	0	0.6	0.6	175.152	175.152	175.152	175.152	0	0	[{"name":"Emuls\u00e3o 1.15","qty":175.152,"mytype":"bulk"}]	0	0	0	0	1	thiago.ferreira@enaex.com	thiago.ferreira@enaex.com	9005	23/05/2026, 12:58:46		0	0	0			0	0		0.14	0.14	748565.753	748565.753	8930262.536	8930262.536	1	0	0	0		0	0	0	0	0	0						0
67	11.873	10	2.3	2.3	0	0	0	0	0.6	0.6	169.47	169.47	169.47	169.47	0	0	[{"name":"Emuls\u00e3o 1.15","qty":169.47,"mytype":"bulk"}]	0	1	0	2	1	thiago.ferreira@enaex.com	thiago.ferreira@enaex.com	9005	23/05/2026, 12:55:40		0	0	0			0	0		0.14	0.14	748565.786	748565.786	8930255.791	8930255.791	1	0	0	0		0	0	0	0	0	0						0
68	11.385	11.1	2.3	2.3	0	0	0	0	0.6	0.6	160.831	160.831	160.831	160.831	0	0	[{"name":"Emuls\u00e3o 1.15","qty":160.831,"mytype":"bulk"}]	0	0	0	0	1	thiago.ferreira@enaex.com	thiago.ferreira@enaex.com	9005	23/05/2026, 12:35:03		0	0	0			0	0		0.14	0.14	748565.769	748565.769	8930250.724	8930250.724	1	0	0	0		0	0	0	0	0	0						0
69	11.833	11.3	2.3	2.3	0	0	0	0	0.6	0.6	168.762	168.762	168.762	168.762	0	0	[{"name":"Emuls\u00e3o 1.15","qty":168.762,"mytype":"bulk"}]	0	1	0	3	1	thiago.ferreira@enaex.com	thiago.ferreira@enaex.com	9005	23/05/2026, 12:55:58		0	0	0			0	0		0.14	0.14	748563.477	748563.477	8930252.414	8930252.414	1	0	0	0		0	0	0	0	0	0						0
70	11.978	11.2	2.3	2.3	0	0	0	0	0.6	0.6	171.328	171.328	171.328	171.328	0	0	[{"name":"Emuls\u00e3o 1.15","qty":171.328,"mytype":"bulk"}]	0	0	0	0	1	thiago.ferreira@enaex.com	thiago.ferreira@enaex.com	9005	23/05/2026, 12:58:29		0	0	0			0	0		0.14	0.14	748563.527	748563.527	8930259.185	8930259.185	1	0	0	0		0	0	0	0	0	0						0
71	12.254	10.7	2.3	2.3	0	0	0	0	0.6	0.6	176.214	176.214	176.214	176.214	0	0	[{"name":"Emuls\u00e3o 1.15","qty":176.214,"mytype":"bulk"}]	0	1	0	3	1	thiago.ferreira@enaex.com	thiago.ferreira@enaex.com	9005	23/05/2026, 13:00:56		0	0	0			0	0		0.14	0.14	748563.494	748563.494	8930265.9	8930265.9	1	0	0	0		0	0	0	0	0	0						0
72	12.166	11	2.3	2.3	0	0	0	0	0.6	0.6	174.657	174.657	174.657	174.657	0	0	[{"name":"Emuls\u00e3o 1.15","qty":174.657,"mytype":"bulk"}]	0	1	0	5	1	thiago.ferreira@enaex.com	thiago.ferreira@enaex.com	9005	23/05/2026, 13:32:47		0	0	0			0	0		0.14	0.14	748563.526	748563.526	8930272.649	8930272.649	1	0	0	0		0	0	0	0	0	0						0
73	11.981	11.4	2.3	2.3	0	0	0	0	0.6	0.6	171.382	171.382	171.382	171.382	0	0	[{"name":"Emuls\u00e3o 1.15","qty":171.382,"mytype":"bulk"}]	0	0	0	0	1	thiago.ferreira@enaex.com	thiago.ferreira@enaex.com	9005	23/05/2026, 13:34:21		0	0	0			0	0		0.14	0.14	748563.522	748563.522	8930279.38	8930279.38	1	0	0	0		0	0	0	0	0	0						0
74	11.921	9.8	2.3	2.3	0	0	0	0	0.6	0.6	170.319	150.2	170.319	150.2	0	0	[{"index":1,"mytype":"bulk","name":"Emuls\u00e3o 1.15","qty":150.2,"weight":1}]	0	1	0	0	1	thiago.ferreira@enaex.com	thiago.ferreira@enaex.com	9005	25/05/2026, 19:40:34		0	0	0			0	0		0.14	0.14	748563.528	748563.528	8930286.141	8930286.141	1	0	0	0		0	0	0	0	0	0						0
75	12.216	12	2.3	2.3	0	0	0	0	0.6	0.6	175.542	171.4	175.542	171.4	0	0	[{"index":1,"mytype":"bulk","name":"Emuls\u00e3o 1.15","qty":171.4,"weight":1}]	0	1	0	5.5	1	thiago.ferreira@enaex.com	thiago.ferreira@enaex.com	9005	25/05/2026, 19:38:27		0	0	0			0	0		0.14	0.14	748563.522	748563.522	8930292.903	8930292.903	1	0	0	0		0	0	0	0	0	0						0
76	12.405	12.405	2.3	2.3	0	0	0	0	0.6	0.6	178.888	178.888	178.888	178.888	0	0	[{"name":"Emuls\u00e3o 1.15","qty":178.888,"mytype":"bulk"}]	1	0	0	0	1	thiago.ferreira@enaex.com	thiago.ferreira@enaex.com	9005	25/05/2026, 17:26:06		0	0	0			0	0		0.14	0.14	748563.52	748563.52	8930299.615	8930299.615	1	0	0	0		0	0	0	0	0	0						0
85	12.477	12.477	2.3	2.3	0	0	0	0	0.6	0.6	180.162	180.162	180.162	180.162	0	0	[{"name":"Emuls\u00e3o 1.15","qty":180.162,"mytype":"bulk"}]	1	0	0	0	1	thiago.ferreira@enaex.com	thiago.ferreira@enaex.com	9005	25/05/2026, 17:25:56		0	0	0			0	0		0.14	0.14	748561.281	748561.281	8930302.999	8930302.999	1	0	0	0		0	0	0	0	0	0						0
86	12.441	12.441	2.3	2.3	0	0	0	0	0.6	0.6	179.525	179.525	179.525	179.525	0	0	[{"name":"Emuls\u00e3o 1.15","qty":179.525,"mytype":"bulk"}]	0	0	0	0	1	thiago.ferreira@enaex.com	thiago.ferreira@enaex.com	9005	25/05/2026, 17:22:20	[]	0	0	0			0	0		0.14	0.14	748561.256	748561.256	8930296.248	8930296.248	1	0	0	0		0	0	0	0	0	0						0
87	12.146	10.5	2.3	2.3	0	0	0	0	0.6	0.6	174.303	159.5	174.303	159.5	0	0	[{"index":1,"mytype":"bulk","name":"Emuls\u00e3o 1.15","qty":159.5,"weight":1}]	0	1	0	0	1	thiago.ferreira@enaex.com	thiago.ferreira@enaex.com	9005	25/05/2026, 19:33:45		0	0	0			0	0		0.14	0.14	748561.274	748561.274	8930289.486	8930289.486	1	0	0	0		0	0	0	0	0	0						0
88	11.925	11	2.3	2.3	0	0	0	0	0.6	0.6	170.39	167.1	170.39	167.1	0	0	[{"index":1,"mytype":"bulk","name":"Emuls\u00e3o 1.15","qty":167.1,"weight":1}]	0	1	0	0	1	thiago.ferreira@enaex.com	thiago.ferreira@enaex.com	9005	25/05/2026, 19:29:06		0	0	0			0	0		0.14	0.14	748561.267	748561.267	8930282.793	8930282.793	1	0	0	0		0	0	0	0	0	0						0
89	12.012	0	2.3	0	0	0	0	0	0.6	0	171.93	0	171.93	0	0	0		0	0	0	0	0			0		[]	0	0	0			0	0		0.14	0	748561.3	0	8930276.034	0	1	0	0	0		0	0	0	0	0	0						0
90	12.163	10.7	2.3	2.3	0	0	0	0	0.6	0.6	174.603	174.603	174.603	174.603	0	0	[{"name":"Emuls\u00e3o 1.15","qty":174.603,"mytype":"bulk"}]	0	1	0	6	1	thiago.ferreira@enaex.com	thiago.ferreira@enaex.com	9005	23/05/2026, 13:31:32		0	0	0			0	0		0.14	0.14	748561.275	748561.275	8930269.26	8930269.26	1	0	0	0		0	0	0	0	0	0						0
91	11.921	11.6	2.3	2.3	0	0	0	0	0.6	0.6	170.319	170.319	170.319	170.319	0	0	[{"name":"Emuls\u00e3o 1.15","qty":170.319,"mytype":"bulk"}]	0	1	0	4	1	thiago.ferreira@enaex.com	thiago.ferreira@enaex.com	9005	23/05/2026, 13:01:14		0	0	0			0	0		0.14	0.14	748561.261	748561.261	8930262.588	8930262.588	1	0	0	0		0	0	0	0	0	0						0
92	11.808	10	2.3	2.3	0	0	0	0	0.6	0.6	168.319	168.319	168.319	168.319	0	0	[{"name":"Emuls\u00e3o 1.15","qty":168.319,"mytype":"bulk"}]	0	1	0	2	1	thiago.ferreira@enaex.com	thiago.ferreira@enaex.com	9005	23/05/2026, 12:58:14		0	0	0			0	0		0.14	0.14	748561.258	748561.258	8930255.806	8930255.806	1	0	0	0		0	0	0	0	0	0						0
94	12.057	12	2.3	2.3	0	0	0	0	0.6	0.6	172.727	172.727	172.727	172.727	0	0	[{"name":"Emuls\u00e3o 1.15","qty":172.727,"mytype":"bulk"}]	0	1	0	6	1	thiago.ferreira@enaex.com	thiago.ferreira@enaex.com	9005	23/05/2026, 12:57:55		0	0	0			0	0		0.14	0.14	748559.954	748559.954	8930253.746	8930253.746	1	0	0	0		0	0	0	0	0	0						0
95	11.822	11.4	2.3	2.3	0	0	0	0	0.6	0.6	168.567	168.567	168.567	168.567	0	0	[{"name":"Emuls\u00e3o 1.15","qty":168.567,"mytype":"bulk"}]	0	1	0	4	1	thiago.ferreira@enaex.com	thiago.ferreira@enaex.com	9005	23/05/2026, 13:01:36		0	0	0			0	0		0.14	0.14	748559.908	748559.908	8930259.173	8930259.173	1	0	0	0		0	0	0	0	0	0						0
96	11.982	11.2	2.3	2.3	0	0	0	0	0.6	0.6	171.399	171.399	171.399	171.399	0	0	[{"name":"Emuls\u00e3o 1.15","qty":171.399,"mytype":"bulk"}]	0	1	0	4	1	thiago.ferreira@enaex.com	thiago.ferreira@enaex.com	9005	23/05/2026, 13:31:11		0	0	0			0	0		0.14	0.14	748559.864	748559.864	8930265.953	8930265.953	1	0	0	0		0	0	0	0	0	0						0
97	12.138	11.2	2.3	2.3	0	0	0	0	0.6	0.6	174.161	174.161	174.161	174.161	0	0	[{"name":"Emuls\u00e3o 1.15","qty":174.161,"mytype":"bulk"}]	0	1	0	2	1	thiago.ferreira@enaex.com	thiago.ferreira@enaex.com	9005	23/05/2026, 13:33:53		0	0	0			0	0		0.14	0.14	748559.888	748559.888	8930272.656	8930272.656	1	0	0	0		0	0	0	0	0	0						0
98	11.952	11	2.3	2.3	0	0	0	0	0.6	0.6	170.868	170.868	170.868	170.868	0	0	[{"name":"Emuls\u00e3o 1.15","qty":170.868,"mytype":"bulk"}]	0	0	0	0	1	thiago.ferreira@enaex.com	thiago.ferreira@enaex.com	9005	23/05/2026, 13:34:52		0	0	0			0	0		0.14	0.14	748559.885	748559.885	8930279.39	8930279.39	1	0	0	0		0	0	0	0	0	0						0
99	12.064	9.8	2.3	2.3	0	0	0	0	0.6	0.6	172.851	147.4	172.851	147.4	0	0	[{"index":1,"mytype":"bulk","name":"Emuls\u00e3o 1.15","qty":147.4,"weight":1}]	0	1	0	4	1	thiago.ferreira@enaex.com	thiago.ferreira@enaex.com	9005	25/05/2026, 19:31:29		0	0	0			0	0		0.14	0.14	748559.9	748559.9	8930286.152	8930286.152	1	0	0	0		0	0	0	0	0	0						0
100	12.364	10.9	2.3	2.3	0	0	0	0	0.6	0.6	178.162	175	178.162	175	0	0	[{"index":1,"mytype":"bulk","name":"Emuls\u00e3o 1.15","qty":175,"weight":1}]	0	1	0	0	1	thiago.ferreira@enaex.com	thiago.ferreira@enaex.com	9005	25/05/2026, 19:36:10		0	0	0			0	0		0.14	0.14	748559.91	748559.91	8930292.911	8930292.911	1	0	0	0		0	0	0	0	0	0						0
101	12.448	10.1	2.3	2.3	0	0	0	0	0.6	0.6	179.649	179.649	179.649	179.649	0	0	[{"name":"Emuls\u00e3o 1.15","qty":179.649,"mytype":"bulk"}]	1	1	0	8.5	1	thiago.ferreira@enaex.com	thiago.ferreira@enaex.com	9005	25/05/2026, 17:26:12		0	0	0			0	0		0.14	0.14	748559.906	748559.906	8930299.615	8930299.615	1	0	0	0		0	0	0	0	0	0						0
102	12.532	12.532	2.3	2.3	0	0	0	0	0.6	0.6	181.136	181.136	181.136	181.136	0	0	[{"name":"Emuls\u00e3o 1.15","qty":181.136,"mytype":"bulk"}]	1	0	0	0	1	thiago.ferreira@enaex.com	thiago.ferreira@enaex.com	9005	25/05/2026, 17:25:55		0	0	0			0	0		0.14	0.14	748559.882	748559.882	8930306.346	8930306.346	1	0	0	0		0	0	0	0	0	0						0
113	12.628	12.628	2.3	2.3	0	0	0	0	0.6	0.6	182.835	182.835	182.835	182.835	0	0	[{"name":"Emuls\u00e3o 1.15","qty":182.835,"mytype":"bulk"}]	1	0	0	0	1	thiago.ferreira@enaex.com	thiago.ferreira@enaex.com	9005	25/05/2026, 17:25:32		0	0	0			0	0		0.14	0.14	748557.799	748557.799	8930308.037	8930308.037	1	0	0	0		0	0	0	0	0	0						0
114	12.472	10.5	2.3	2.3	0	0	0	0	0.6	0.6	180.074	180.074	180.074	180.074	0	0	[{"name":"Emuls\u00e3o 1.15","qty":180.074,"mytype":"bulk"}]	1	1	0	5	1	thiago.ferreira@enaex.com	thiago.ferreira@enaex.com	9005	25/05/2026, 17:25:33		0	0	0			0	0		0.14	0.14	748557.795	748557.795	8930304.7	8930304.7	1	0	0	0		0	0	0	0	0	0						0
115	12.456	12.456	2.3	2.3	0	0	0	0	0.6	0.6	179.79	179.79	179.79	179.79	0	0	[{"name":"Emuls\u00e3o 1.15","qty":179.79,"mytype":"bulk"}]	1	0	0	0	1	thiago.ferreira@enaex.com	thiago.ferreira@enaex.com	9005	23/05/2026, 12:41:47	[{"id":"31","text":"Furo colapsado","class":"deleted"}]	0	0	0			0	0		0.14	0.14	748557.78	748557.78	8930301.287	8930301.287	1	0	0	0		0	0	0	0	0	0						0
116	12.517	12.517	2.3	2.3	0	0	0	0	0.6	0.6	180.87	180.87	180.87	180.87	0	0	[{"name":"Emuls\u00e3o 1.15","qty":180.87,"mytype":"bulk"}]	1	0	0	0	1	thiago.ferreira@enaex.com	thiago.ferreira@enaex.com	9005	25/05/2026, 17:26:15		0	0	0			0	0		0.14	0.14	748557.778	748557.778	8930297.917	8930297.917	1	0	0	0		0	0	0	0	0	0						0
117	12.491	11.1	2.3	2.3	0	0	0	0	0.6	0.6	180.41	166.3	180.41	166.3	0	0	[{"index":1,"mytype":"bulk","name":"Emuls\u00e3o 1.15","qty":166.3,"weight":1}]	0	1	0	0	1	thiago.ferreira@enaex.com	thiago.ferreira@enaex.com	9005	25/05/2026, 19:07:30		0	0	0			0	0		0.14	0.14	748557.795	748557.795	8930294.554	8930294.554	1	0	0	0		0	0	0	0	0	0						0
118	12.301	11	2.3	2.3	0	0	0	0	0.6	0.6	177.046	170.3	177.046	170.3	0	0	[{"index":1,"mytype":"bulk","name":"Emuls\u00e3o 1.15","qty":170.3,"weight":1}]	0	1	0	0	1	thiago.ferreira@enaex.com	thiago.ferreira@enaex.com	9005	25/05/2026, 19:11:46		0	0	0			0	0		0.14	0.14	748557.787	748557.787	8930291.213	8930291.213	1	0	0	0		0	0	0	0	0	0						0
119	12.184	10	2.3	2.3	0	0	0	0	0.6	0.6	174.975	174.3	174.975	174.3	0	0	[{"index":1,"mytype":"bulk","name":"Emuls\u00e3o 1.15","qty":174.3,"weight":1}]	0	1	0	3	1	thiago.ferreira@enaex.com	thiago.ferreira@enaex.com	9005	25/05/2026, 19:16:57		0	0	0			0	0		0.14	0.14	748557.764	748557.764	8930287.827	8930287.827	1	0	0	0		0	0	0	0	0	0						0
120	12.01	11.5	2.3	2.3	0	0	0	0	0.6	0.6	171.895	180.2	171.895	180.2	0	0	[{"index":1,"mytype":"bulk","name":"Emuls\u00e3o 1.15","qty":180.2,"weight":1}]	0	1	0	6.5	1	thiago.ferreira@enaex.com	thiago.ferreira@enaex.com	9005	25/05/2026, 19:21:29		0	0	0			0	0		0.14	0.14	748557.813	748557.813	8930284.429	8930284.429	1	0	0	0		0	0	0	0	0	0						0
121	11.964	10.5	2.3	2.3	0	0	0	0	0.6	0.6	171.081	148.3	171.081	148.3	0	0	[{"index":1,"mytype":"bulk","name":"Emuls\u00e3o 1.15","qty":148.3,"weight":1}]	0	1	0	4	1	thiago.ferreira@enaex.com	thiago.ferreira@enaex.com	9005	25/05/2026, 19:26:07		0	0	0			0	0		0.14	0.14	748557.764	748557.764	8930281.062	8930281.062	1	0	0	0		0	0	0	0	0	0						0
122	12.02	11.6	2.3	2.3	0	0	0	0	0.6	0.6	172.072	172.072	172.072	172.072	0	0	[{"name":"Emuls\u00e3o 1.15","qty":172.072,"mytype":"bulk"}]	0	0	0	0	1	thiago.ferreira@enaex.com	thiago.ferreira@enaex.com	9005	23/05/2026, 13:28:50		0	0	0			0	0		0.14	0.14	748557.799	748557.799	8930277.7	8930277.7	1	0	0	0		0	0	0	0	0	0						0
123	12.106	11.4	2.3	2.3	0	0	0	0	0.6	0.6	173.594	173.594	173.594	173.594	0	0	[{"name":"Emuls\u00e3o 1.15","qty":173.594,"mytype":"bulk"}]	0	1	0	4.5	1	thiago.ferreira@enaex.com	thiago.ferreira@enaex.com	9005	23/05/2026, 13:29:06		0	0	0			0	0		0.14	0.14	748557.769	748557.769	8930274.326	8930274.326	1	0	0	0		0	0	0	0	0	0						0
124	12.05	0	2.3	0	0	0	0	0	0.6	0	172.603	0	172.603	0	0	0		0	0	0	0	0			0		[]	0	0	0			0	0		0.14	0	748557.779	0	8930270.997	0	1	0	0	0		0	0	0	0	0	0						0
125	12.024	10.6	2.3	2.3	0	0	0	0	0.6	0.6	172.143	172.143	172.143	172.143	0	0	[{"name":"Emuls\u00e3o 1.15","qty":172.143,"mytype":"bulk"}]	0	1	0	4	1	thiago.ferreira@enaex.com	thiago.ferreira@enaex.com	9005	23/05/2026, 13:29:58		0	0	0			0	0		0.14	0.14	748557.797	748557.797	8930267.592	8930267.592	1	0	0	0		0	0	0	0	0	0						0
126	11.931	11.3	2.3	2.3	0	0	0	0	0.6	0.6	170.496	170.496	170.496	170.496	0	0	[{"name":"Emuls\u00e3o 1.15","qty":170.496,"mytype":"bulk"}]	0	1	0	4	1	thiago.ferreira@enaex.com	thiago.ferreira@enaex.com	9005	23/05/2026, 13:30:19		0	0	0			0	0		0.14	0.14	748557.782	748557.782	8930264.232	8930264.232	1	0	0	0		0	0	0	0	0	0						0
127	11.864	11.5	2.3	2.3	0	0	0	0	0.6	0.6	169.31	169.31	169.31	169.31	0	0	[{"name":"Emuls\u00e3o 1.15","qty":169.31,"mytype":"bulk"}]	0	1	0	5	1	thiago.ferreira@enaex.com	thiago.ferreira@enaex.com	9005	23/05/2026, 13:07:08		0	0	0			0	0		0.14	0.14	748557.748	748557.748	8930260.871	8930260.871	1	0	0	0		0	0	0	0	0	0						0
128	11.866	11.2	2.3	2.3	0	0	0	0	0.6	0.6	169.346	169.346	169.346	169.346	0	0	[{"name":"Emuls\u00e3o 1.15","qty":169.346,"mytype":"bulk"}]	0	1	0	4	1	thiago.ferreira@enaex.com	thiago.ferreira@enaex.com	9005	23/05/2026, 13:02:08		0	0	0			0	0		0.14	0.14	748557.8	748557.8	8930257.46	8930257.46	1	0	0	0		0	0	0	0	0	0						0
129	12.216	10.5	2.3	2.3	0	0	0	0	0.6	0.6	175.542	175.542	175.542	175.542	0	0	[{"name":"Emuls\u00e3o 1.15","qty":175.542,"mytype":"bulk"}]	0	1	0	5	1	thiago.ferreira@enaex.com	thiago.ferreira@enaex.com	9005	23/05/2026, 13:02:39		0	0	0			0	0		0.14	0.14	748557.785	748557.785	8930254.116	8930254.116	1	0	0	0		0	0	0	0	0	0						0
132	11.681	10.5	2.3	2.3	0	0	0	0	0.6	0.6	166.071	166.071	166.071	166.071	0	0	[{"name":"Emuls\u00e3o 1.15","qty":166.071,"mytype":"bulk"}]	0	0	0	0	1	thiago.ferreira@enaex.com	thiago.ferreira@enaex.com	9005	23/05/2026, 13:03:07		0	0	0			0	0		0.14	0.14	748555.027	748555.027	8930255.802	8930255.802	1	0	0	0		0	0	0	0	0	0						0
133	11.731	12.1	2.3	2.3	0	0	0	0	0.6	0.6	166.956	166.956	166.956	166.956	0	0	[{"name":"Emuls\u00e3o 1.15","qty":166.956,"mytype":"bulk"}]	0	0	0	0	1	thiago.ferreira@enaex.com	thiago.ferreira@enaex.com	9005	23/05/2026, 13:06:25		0	0	0			0	0		0.14	0.14	748555.032	748555.032	8930259.179	8930259.179	1	0	0	0		0	0	0	0	0	0						0
134	11.67	11	2.3	2.3	0	0	0	0	0.6	0.6	165.876	165.876	165.876	165.876	0	0	[{"name":"Emuls\u00e3o 1.15","qty":165.876,"mytype":"bulk"}]	0	1	0	4	1	thiago.ferreira@enaex.com	thiago.ferreira@enaex.com	9005	23/05/2026, 13:29:31		0	0	0			0	0		0.14	0.14	748555.019	748555.019	8930262.536	8930262.536	1	0	0	0		0	0	0	0	0	0						0
135	11.871	11	2.3	2.3	0	0	0	0	0.6	0.6	169.434	169.434	169.434	169.434	0	0	[{"name":"Emuls\u00e3o 1.15","qty":169.434,"mytype":"bulk"}]	0	1	0	3	1	thiago.ferreira@enaex.com	thiago.ferreira@enaex.com	9005	23/05/2026, 13:28:56		0	0	0			0	0		0.14	0.14	748555.025	748555.025	8930265.921	8930265.921	1	0	0	0		0	0	0	0	0	0						0
136	11.922	11.7	2.3	2.3	0	0	0	0	0.6	0.6	170.337	170.337	170.337	170.337	0	0	[{"name":"Emuls\u00e3o 1.15","qty":170.337,"mytype":"bulk"}]	0	1	0	4	1	thiago.ferreira@enaex.com	thiago.ferreira@enaex.com	9005	23/05/2026, 13:28:11		0	0	0			0	0		0.14	0.14	748555.047	748555.047	8930269.292	8930269.292	1	0	0	0		0	0	0	0	0	0						0
137	11.91	11.7	2.3	2.3	0	0	0	0	0.6	0.6	170.125	170.125	170.125	170.125	0	0	[{"name":"Emuls\u00e3o 1.15","qty":170.125,"mytype":"bulk"}]	0	1	0	6	1	thiago.ferreira@enaex.com	thiago.ferreira@enaex.com	9005	23/05/2026, 13:27:37		0	0	0			0	0		0.14	0.14	748555.046	748555.046	8930272.662	8930272.662	1	0	0	0		0	0	0	0	0	0						0
138	12.093	11.7	2.3	2.3	0	0	0	0	0.6	0.6	173.364	173.364	173.364	173.364	0	0	[{"name":"Emuls\u00e3o 1.15","qty":173.364,"mytype":"bulk"}]	0	1	0	6	1	thiago.ferreira@enaex.com	thiago.ferreira@enaex.com	9005	23/05/2026, 13:27:03		0	0	0			0	0		0.14	0.14	748555.039	748555.039	8930276.024	8930276.024	1	0	0	0		0	0	0	0	0	0						0
139	12.031	0	2.3	0	0	0	0	0	0.6	0	172.267	0	172.267	0	0	0		0	0	0	0	0			0		[]	0	0	0			0	0		0.14	0	748555.023	0	8930279.402	0	1	0	0	0		0	0	0	0	0	0						0
140	12.094	11.5	2.3	2.3	0	0	0	0	0.6	0.6	173.382	193.9	173.382	193.9	0	0	[{"index":1,"mytype":"bulk","name":"Emuls\u00e3o 1.15","qty":193.9,"weight":1}]	0	1	0	0	1	thiago.ferreira@enaex.com	thiago.ferreira@enaex.com	9005	25/05/2026, 19:24:14		0	0	0			0	0		0.14	0.14	748555.063	748555.063	8930282.759	8930282.759	1	0	0	0		0	0	0	0	0	0						0
141	12.16	10.5	2.3	2.3	0	0	0	0	0.6	0.6	174.55	167.7	174.55	167.7	0	0	[{"index":1,"mytype":"bulk","name":"Emuls\u00e3o 1.15","qty":167.7,"weight":1}]	0	0	0	0	1	thiago.ferreira@enaex.com	thiago.ferreira@enaex.com	9005	25/05/2026, 19:19:26		0	0	0			0	0		0.14	0.14	748555.034	748555.034	8930286.14	8930286.14	1	0	0	0		0	0	0	0	0	0						0
142	12.287	11.5	2.3	2.3	0	0	0	0	0.6	0.6	176.799	192.3	176.799	192.3	0	0	[{"index":1,"mytype":"bulk","name":"Emuls\u00e3o 1.15","qty":192.3,"weight":1}]	0	0	0	0	1	thiago.ferreira@enaex.com	thiago.ferreira@enaex.com	9005	25/05/2026, 19:14:18		0	0	0			0	0		0.14	0.14	748555.047	748555.047	8930289.488	8930289.488	1	0	0	0		0	0	0	0	0	0						0
172	12.148	11.2	2.3	2.3	0	0	0	0	0.6	0.6	174.338	180.3	174.338	180.3	0	0	[{"index":1,"mytype":"bulk","name":"Emuls\u00e3o 1.15","qty":180.3,"weight":1}]	0	1	0	6	1	thiago.ferreira@enaex.com	thiago.ferreira@enaex.com	9005	25/05/2026, 18:50:00		0	0	0			0	0		0.14	0.14	748552.109	748552.109	8930287.829	8930287.829	1	0	0	0		0	0	0	0	0	0						0
173	12.103	11.1	2.3	2.3	0	0	0	0	0.6	0.6	173.541	187.9	173.541	187.9	0	0	[{"index":1,"mytype":"bulk","name":"Emuls\u00e3o 1.15","qty":187.9,"weight":1}]	0	1	0	4	1	thiago.ferreira@enaex.com	thiago.ferreira@enaex.com	9005	25/05/2026, 18:45:29		0	0	0			0	0		0.14	0.14	748552.097	748552.097	8930284.433	8930284.433	1	0	0	0		0	0	0	0	0	0						0
174	12.052	11.2	2.3	2.3	0	0	0	0	0.6	0.6	172.638	188.7	172.638	188.7	0	0	[{"index":1,"mytype":"bulk","name":"Emuls\u00e3o 1.15","qty":188.7,"weight":1}]	0	1	0	3	1	thiago.ferreira@enaex.com	thiago.ferreira@enaex.com	9005	25/05/2026, 18:41:27		0	0	0			0	0		0.14	0.14	748552.114	748552.114	8930281.078	8930281.078	1	0	0	0		0	0	0	0	0	0						0
175	11.811	11.5	2.3	2.3	0	0	0	0	0.6	0.6	168.372	168.372	168.372	168.372	0	0	[{"name":"Emuls\u00e3o 1.15","qty":168.372,"mytype":"bulk"}]	0	1	0	6	1	thiago.ferreira@enaex.com	thiago.ferreira@enaex.com	9005	23/05/2026, 13:26:11		0	0	0			0	0		0.14	0.14	748552.098	748552.098	8930277.688	8930277.688	1	0	0	0		0	0	0	0	0	0						0
176	11.427	2.4	2.3	2.3	0	0	0	0	0.6	0.6	161.574	161.574	161.574	161.574	0	0	[{"name":"Emuls\u00e3o 1.15","qty":161.574,"mytype":"bulk"}]	0	0	0	0	1	thiago.ferreira@enaex.com	thiago.ferreira@enaex.com	9005	23/05/2026, 13:24:18	[{"id":"26","text":"Colapso da boca do furo","class":"redrill"}]	1	0	0			0	0		0.14	0.14	748552.119	748552.119	8930274.344	8930274.344	1	0	0	0		0	0	0	0	0	0						0
177	11.237	11	2.3	2.3	0	0	0	0	0.6	0.6	158.211	158.211	158.211	158.211	0	0	[{"name":"Emuls\u00e3o 1.15","qty":158.211,"mytype":"bulk"}]	0	1	0	4	1	thiago.ferreira@enaex.com	thiago.ferreira@enaex.com	9005	23/05/2026, 13:23:38		0	0	0			0	0		0.14	0.14	748552.09	748552.09	8930270.986	8930270.986	1	0	0	0		0	0	0	0	0	0						0
178	11.51	11.2	2.3	2.3	0	0	0	0	0.6	0.6	163.043	163.043	163.043	163.043	0	0	[{"name":"Emuls\u00e3o 1.15","qty":163.043,"mytype":"bulk"}]	0	1	0	4.5	1	thiago.ferreira@enaex.com	thiago.ferreira@enaex.com	9005	23/05/2026, 13:23:12		0	0	0			0	0		0.14	0.14	748552.097	748552.097	8930267.614	8930267.614	1	0	0	0		0	0	0	0	0	0						0
179	11.374	10.6	2.3	2.3	0	0	0	0	0.6	0.6	160.636	160.636	160.636	160.636	0	0	[{"name":"Emuls\u00e3o 1.15","qty":160.636,"mytype":"bulk"}]	0	1	0	4	1	thiago.ferreira@enaex.com	thiago.ferreira@enaex.com	9005	23/05/2026, 13:22:40		0	0	0			0	0		0.14	0.14	748552.088	748552.088	8930264.199	8930264.199	1	0	0	0		0	0	0	0	0	0						0
180	11.413	11	2.3	2.3	0	0	0	0	0.6	0.6	161.326	161.326	161.326	161.326	0	0	[{"name":"Emuls\u00e3o 1.15","qty":161.326,"mytype":"bulk"}]	0	1	0	5	1	thiago.ferreira@enaex.com	thiago.ferreira@enaex.com	9005	23/05/2026, 13:22:12		0	0	0			0	0		0.14	0.14	748552.092	748552.092	8930260.848	8930260.848	1	0	0	0		0	0	0	0	0	0						0
181	11.383	10.9	2.3	2.3	0	0	0	0	0.6	0.6	160.795	160.795	160.795	160.795	0	0	[{"name":"Emuls\u00e3o 1.15","qty":160.795,"mytype":"bulk"}]	0	1	0	4	1	thiago.ferreira@enaex.com	thiago.ferreira@enaex.com	9005	23/05/2026, 13:06:09		0	0	0			0	0		0.14	0.14	748552.136	748552.136	8930257.493	8930257.493	1	0	0	0		0	0	0	0	0	0						0
185	10.879	10.4	2.3	2.3	0	0	0	0	0.6	0.6	151.873	151.873	151.873	151.873	0	0	[{"name":"Emuls\u00e3o 1.15","qty":151.873,"mytype":"bulk"}]	0	1	0	4	1	thiago.ferreira@enaex.com	thiago.ferreira@enaex.com	9005	23/05/2026, 13:05:27		0	0	0			0	0		0.14	0.14	748549.166	748549.166	8930255.826	8930255.826	1	0	0	0		0	0	0	0	0	0						0
186	10.917	10.7	2.3	2.3	0	0	0	0	0.6	0.6	152.546	152.546	152.546	152.546	0	0	[{"name":"Emuls\u00e3o 1.15","qty":152.546,"mytype":"bulk"}]	0	1	0	2	1	thiago.ferreira@enaex.com	thiago.ferreira@enaex.com	9005	23/05/2026, 13:20:49		0	0	0			0	0		0.14	0.14	748549.183	748549.183	8930259.163	8930259.163	1	0	0	0		0	0	0	0	0	0						0
187	10.879	10.5	2.3	2.3	0	0	0	0	0.6	0.6	151.873	151.873	151.873	151.873	0	0	[{"name":"Emuls\u00e3o 1.15","qty":151.873,"mytype":"bulk"}]	0	1	0	4	1	thiago.ferreira@enaex.com	thiago.ferreira@enaex.com	9005	23/05/2026, 13:21:22		0	0	0			0	0		0.14	0.14	748549.169	748549.169	8930262.543	8930262.543	1	0	0	0		0	0	0	0	0	0						0
188	10.743	9.7	2.3	2.3	0	0	0	0	0.6	0.6	149.465	149.465	149.465	149.465	0	0	[{"name":"Emuls\u00e3o 1.15","qty":149.465,"mytype":"bulk"}]	0	1	0	3	1	thiago.ferreira@enaex.com	thiago.ferreira@enaex.com	9005	23/05/2026, 13:21:45		0	0	0			0	0		0.14	0.14	748549.168	748549.168	8930265.907	8930265.907	1	0	0	0		0	0	0	0	0	0						0
189	10.872	9.8	2.3	2.3	0	0	0	0	0.6	0.6	151.749	151.749	151.749	151.749	0	0	[{"name":"Emuls\u00e3o 1.15","qty":151.749,"mytype":"bulk"}]	0	1	0	7	1	thiago.ferreira@enaex.com	thiago.ferreira@enaex.com	9005	23/05/2026, 13:22:12		0	0	0			0	0		0.14	0.14	748549.179	748549.179	8930269.304	8930269.304	1	0	0	0		0	0	0	0	0	0						0
190	10.804	9.7	2.3	2.3	0	0	0	0	0.6	0.6	150.545	150.545	150.545	150.545	0	0	[{"name":"Emuls\u00e3o 1.15","qty":150.545,"mytype":"bulk"}]	0	1	0	5	1	thiago.ferreira@enaex.com	thiago.ferreira@enaex.com	9005	23/05/2026, 13:22:30		0	0	0			0	0		0.14	0.14	748549.173	748549.173	8930272.651	8930272.651	1	0	0	0		0	0	0	0	0	0						0
191	11.318	9.5	2.3	2.3	0	0	0	0	0.6	0.6	159.645	159.645	159.645	159.645	0	0	[{"name":"Emuls\u00e3o 1.15","qty":159.645,"mytype":"bulk"}]	0	1	0	5	1	thiago.ferreira@enaex.com	thiago.ferreira@enaex.com	9005	23/05/2026, 13:22:54		0	0	0			0	0		0.14	0.14	748549.152	748549.152	8930276.017	8930276.017	1	0	0	0		0	0	0	0	0	0						0
192	11.814	10.7	2.3	2.3	0	0	0	0	0.6	0.6	168.425	162	168.425	162	0	0	[{"index":1,"mytype":"bulk","name":"Emuls\u00e3o 1.15","qty":162,"weight":1}]	0	1	0	2.5	1	thiago.ferreira@enaex.com	thiago.ferreira@enaex.com	9005	25/05/2026, 18:39:03		0	0	0			0	0		0.14	0.14	748549.196	748549.196	8930279.4	8930279.4	1	0	0	0		0	0	0	0	0	0						0
193	11.934	10.3	2.3	2.3	0	0	0	0	0.6	0.6	170.549	162.8	170.549	162.8	0	0	[{"index":1,"mytype":"bulk","name":"Emuls\u00e3o 1.15","qty":162.8,"weight":1}]	0	1	0	5	1	thiago.ferreira@enaex.com	thiago.ferreira@enaex.com	9005	25/05/2026, 18:43:26		0	0	0			0	0		0.14	0.14	748549.162	748549.162	8930282.768	8930282.768	1	0	0	0		0	0	0	0	0	0						0
194	12.033	8.5	2.3	2.3	0	0	0	0	0.6	0.6	172.302	174.5	172.302	174.5	0	0	[{"index":1,"mytype":"bulk","name":"Emuls\u00e3o 1.15","qty":174.5,"weight":1}]	0	1	0	4	1	thiago.ferreira@enaex.com	thiago.ferreira@enaex.com	9005	25/05/2026, 18:47:29		0	0	0			0	0		0.14	0.14	748549.195	748549.195	8930286.149	8930286.149	1	0	0	0		0	0	0	0	0	0						0
229	11.946	10.7	2.3	2.3	0	0	0	0	0.6	0.6	170.762	165.7	170.762	165.7	0	0	[{"index":1,"mytype":"bulk","name":"Emuls\u00e3o 1.15","qty":165.7,"weight":1}]	0	0	0	0	1	thiago.ferreira@enaex.com	thiago.ferreira@enaex.com	9005	25/05/2026, 18:27:21		0	0	0			0	0		0.14	0.14	748546.236	748546.236	8930284.436	8930284.436	1	0	0	0		0	0	0	0	0	0						0
230	11.85	11.4	2.3	2.3	0	0	0	0	0.6	0.6	169.062	165.9	169.062	165.9	0	0	[{"index":1,"mytype":"bulk","name":"Emuls\u00e3o 1.15","qty":165.9,"weight":1}]	0	0	0	0	1	thiago.ferreira@enaex.com	thiago.ferreira@enaex.com	9005	25/05/2026, 18:34:34		0	0	0			0	0		0.14	0.14	748546.255	748546.255	8930281.053	8930281.053	1	0	0	0		0	0	0	0	0	0						0
231	11.596	10.8	2.3	2.3	0	0	0	0	0.6	0.6	164.566	164.566	164.566	164.566	0	0	[{"name":"Emuls\u00e3o 1.15","qty":164.566,"mytype":"bulk"}]	0	0	0	0	1	thiago.ferreira@enaex.com	thiago.ferreira@enaex.com	9005	23/05/2026, 13:19:10		0	0	0			0	0		0.14	0.14	748546.228	748546.228	8930277.711	8930277.711	1	0	0	0		0	0	0	0	0	0						0
232	11.11	10.8	2.3	2.3	0	0	0	0	0.6	0.6	155.962	155.962	155.962	155.962	0	0	[{"name":"Emuls\u00e3o 1.15","qty":155.962,"mytype":"bulk"}]	0	1	0	2	1	thiago.ferreira@enaex.com	thiago.ferreira@enaex.com	9005	23/05/2026, 13:19:42		0	0	0			0	0		0.14	0.14	748546.28	748546.28	8930274.34	8930274.34	1	0	0	0		0	0	0	0	0	0						0
233	10.648	10.3	2.3	2.3	0	0	0	0	0.6	0.6	147.784	147.784	147.784	147.784	0	0	[{"name":"Emuls\u00e3o 1.15","qty":147.784,"mytype":"bulk"}]	0	1	0	4	1	thiago.ferreira@enaex.com	thiago.ferreira@enaex.com	9005	23/05/2026, 13:20:25		0	0	0			0	0		0.14	0.14	748546.242	748546.242	8930270.956	8930270.956	1	0	0	0		0	0	0	0	0	0						0
234	10.573	10	2.3	2.3	0	0	0	0	0.6	0.6	146.456	146.456	146.456	146.456	0	0	[{"name":"Emuls\u00e3o 1.15","qty":146.456,"mytype":"bulk"}]	0	0	0	0	1	thiago.ferreira@enaex.com	thiago.ferreira@enaex.com	9005	23/05/2026, 13:20:36		0	0	0			0	0		0.14	0.14	748546.228	748546.228	8930267.616	8930267.616	1	0	0	0		0	0	0	0	0	0						0
235	10.49	9.8	2.3	2.3	0	0	0	0	0.6	0.6	144.987	144.987	144.987	144.987	0	0	[{"name":"Emuls\u00e3o 1.15","qty":144.987,"mytype":"bulk"}]	0	1	0	3	1	thiago.ferreira@enaex.com	thiago.ferreira@enaex.com	9005	23/05/2026, 13:20:49		0	0	0			0	0		0.14	0.14	748546.252	748546.252	8930264.226	8930264.226	1	0	0	0		0	0	0	0	0	0						0
236	10.726	10.5	2.3	2.3	0	0	0	0	0.6	0.6	149.164	149.164	149.164	149.164	0	0	[{"name":"Emuls\u00e3o 1.15","qty":149.164,"mytype":"bulk"}]	0	1	0	1.5	1	thiago.ferreira@enaex.com	thiago.ferreira@enaex.com	9005	23/05/2026, 13:21:09		0	0	0			0	0		0.14	0.14	748546.225	748546.225	8930260.89	8930260.89	1	0	0	0		0	0	0	0	0	0						0
237	10.554	10.8	2.3	2.3	0	0	0	0	0.6	0.6	146.12	146.12	146.12	146.12	0	0	[{"name":"Emuls\u00e3o 1.15","qty":146.12,"mytype":"bulk"}]	0	1	0	2	1	thiago.ferreira@enaex.com	thiago.ferreira@enaex.com	9005	23/05/2026, 13:21:25		0	0	0			0	0		0.14	0.14	748546.253	748546.253	8930257.496	8930257.496	1	0	0	0		0	0	0	0	0	0						0
238	10.854	12	2.3	2.3	0	0	0	0	0.6	0.6	151.43	151.43	151.43	151.43	0	0	[{"name":"Emuls\u00e3o 1.15","qty":151.43,"mytype":"bulk"}]	0	1	0	5	1	thiago.ferreira@enaex.com	thiago.ferreira@enaex.com	9005	23/05/2026, 13:04:42		0	0	0			0	0		0.14	0.14	748546.255	748546.255	8930254.143	8930254.143	1	0	0	0		0	0	0	0	0	0						0
241	10.589	10.2	2.3	2.3	0	0	0	0	0.6	0.6	146.739	146.739	146.739	146.739	0	0	[{"name":"Emuls\u00e3o 1.15","qty":146.739,"mytype":"bulk"}]	0	0	0	0	1	thiago.ferreira@enaex.com	thiago.ferreira@enaex.com	9005	23/05/2026, 13:20:02		0	0	0			0	0		0.14	0.14	748543.326	748543.326	8930255.823	8930255.823	1	0	0	0		0	0	0	0	0	0						0
242	10.528	10.3	2.3	2.3	0	0	0	0	0.6	0.6	145.659	145.659	145.659	145.659	0	0	[{"name":"Emuls\u00e3o 1.15","qty":145.659,"mytype":"bulk"}]	0	0	0	0	1	thiago.ferreira@enaex.com	thiago.ferreira@enaex.com	9005	23/05/2026, 13:19:53		0	0	0			0	0		0.14	0.14	748543.287	748543.287	8930259.208	8930259.208	1	0	0	0		0	0	0	0	0	0						0
243	10.494	10.3	2.3	2.3	0	0	0	0	0.6	0.6	145.057	145.057	145.057	145.057	0	0	[{"name":"Emuls\u00e3o 1.15","qty":145.057,"mytype":"bulk"}]	0	0	0	0	1	thiago.ferreira@enaex.com	thiago.ferreira@enaex.com	9005	23/05/2026, 13:19:40		0	0	0			0	0		0.14	0.14	748543.308	748543.308	8930262.572	8930262.572	1	0	0	0		0	0	0	0	0	0						0
244	10.53	10.7	2.3	2.3	0	0	0	0	0.6	0.6	145.695	145.695	145.695	145.695	0	0	[{"name":"Emuls\u00e3o 1.15","qty":145.695,"mytype":"bulk"}]	0	1	0	4	1	thiago.ferreira@enaex.com	thiago.ferreira@enaex.com	9005	23/05/2026, 13:19:30		0	0	0			0	0		0.14	0.14	748543.306	748543.306	8930265.931	8930265.931	1	0	0	0		0	0	0	0	0	0						0
245	10.778	10.3	2.3	2.3	0	0	0	0	0.6	0.6	150.085	150.085	150.085	150.085	0	0	[{"name":"Emuls\u00e3o 1.15","qty":150.085,"mytype":"bulk"}]	0	1	0	1	1	thiago.ferreira@enaex.com	thiago.ferreira@enaex.com	9005	23/05/2026, 13:19:17		0	0	0			0	0		0.14	0.14	748543.349	748543.349	8930269.28	8930269.28	1	0	0	0		0	0	0	0	0	0						0
246	10.813	10.5	2.3	2.3	0	0	0	0	0.6	0.6	150.705	150.705	150.705	150.705	0	0	[{"name":"Emuls\u00e3o 1.15","qty":150.705,"mytype":"bulk"}]	0	1	0	4	1	thiago.ferreira@enaex.com	thiago.ferreira@enaex.com	9005	23/05/2026, 13:18:59		0	0	0			0	0		0.14	0.14	748543.346	748543.346	8930272.671	8930272.671	1	0	0	0		0	0	0	0	0	0						0
247	11.618	0	2.3	0	0	0	0	0	0.6	0	164.955	0	164.955	0	0	0		0	0	0	0	0			0		[]	0	0	0			0	0		0.14	0	748543.306	0	8930276.021	0	1	0	0	0		0	0	0	0	0	0						0
248	11.759	10	2.3	2.3	0	0	0	0	0.6	0.6	167.451	159.1	167.451	159.1	0	0	[{"index":1,"mytype":"bulk","name":"Emuls\u00e3o 1.15","qty":159.1,"weight":1}]	0	1	0	4	1	thiago.ferreira@enaex.com	thiago.ferreira@enaex.com	9005	25/05/2026, 18:32:31		0	0	0			0	0		0.14	0.14	748543.287	748543.287	8930279.416	8930279.416	1	0	0	0		0	0	0	0	0	0						0
249	11.911	11.4	2.3	2.3	0	0	0	0	0.6	0.6	170.142	195.2	170.142	195.2	0	0	[{"index":1,"mytype":"bulk","name":"Emuls\u00e3o 1.15","qty":195.2,"weight":1}]	0	0	0	0	1	thiago.ferreira@enaex.com	thiago.ferreira@enaex.com	9005	25/05/2026, 18:30:24		0	0	0			0	0		0.14	0.14	748543.299	748543.299	8930282.757	8930282.757	1	0	0	0		0	0	0	0	0	0						0
287	11.832	11.5	2.3	2.3	0	0	0	0	0.6	0.6	168.744	180	168.744	180	0	0	[{"index":1,"mytype":"bulk","name":"Emuls\u00e3o 1.15","qty":180,"weight":1}]	0	0	0	0	1	thiago.ferreira@enaex.com	thiago.ferreira@enaex.com	9005	25/05/2026, 18:37:07		0	0	0			0	0		0.14	0.14	748540.385	748540.385	8930281.051	8930281.051	1	0	0	0		0	0	0	0	0	0						0
288	11.767	11.3	2.3	2.3	0	0	0	0	0.6	0.6	167.593	167.593	167.593	167.593	0	0	[{"name":"Emuls\u00e3o 1.15","qty":167.593,"mytype":"bulk"}]	0	1	0	1	1	thiago.ferreira@enaex.com	thiago.ferreira@enaex.com	9005	23/05/2026, 13:17:35		0	0	0			0	0		0.14	0.14	748540.394	748540.394	8930277.705	8930277.705	1	0	0	0		0	0	0	0	0	0						0
289	11.383	11.3	2.3	2.3	0	0	0	0	0.6	0.6	160.795	160.795	160.795	160.795	0	0	[{"name":"Emuls\u00e3o 1.15","qty":160.795,"mytype":"bulk"}]	0	1	0	2	1	thiago.ferreira@enaex.com	thiago.ferreira@enaex.com	9005	23/05/2026, 13:17:50		0	0	0			0	0		0.14	0.14	748540.394	748540.394	8930274.333	8930274.333	1	0	0	0		0	0	0	0	0	0						0
290	11.051	10.6	2.3	2.3	0	0	0	0	0.6	0.6	154.918	154.918	154.918	154.918	0	0	[{"name":"Emuls\u00e3o 1.15","qty":154.918,"mytype":"bulk"}]	0	1	0	4	1	thiago.ferreira@enaex.com	thiago.ferreira@enaex.com	9005	23/05/2026, 13:17:18		0	0	0			0	0		0.14	0.14	748540.378	748540.378	8930270.957	8930270.957	1	0	0	0		0	0	0	0	0	0						0
291	10.871	10.6	2.3	2.3	0	0	0	0	0.6	0.6	151.731	151.731	151.731	151.731	0	0	[{"name":"Emuls\u00e3o 1.15","qty":151.731,"mytype":"bulk"}]	0	1	0	4	1	thiago.ferreira@enaex.com	thiago.ferreira@enaex.com	9005	23/05/2026, 13:14:11		0	0	0			0	0		0.14	0.14	748540.425	748540.425	8930267.614	8930267.614	1	0	0	0		0	0	0	0	0	0						0
292	10.671	11.2	2.3	2.3	0	0	0	0	0.6	0.6	148.191	148.191	148.191	148.191	0	0	[{"name":"Emuls\u00e3o 1.15","qty":148.191,"mytype":"bulk"}]	0	0	0	0	1	thiago.ferreira@enaex.com	thiago.ferreira@enaex.com	9005	23/05/2026, 13:13:32		0	0	0			0	0		0.14	0.14	748540.373	748540.373	8930264.206	8930264.206	1	0	0	0		0	0	0	0	0	0						0
293	10.699	10.7	2.3	2.3	0	0	0	0	0.6	0.6	148.686	148.686	148.686	148.686	0	0	[{"name":"Emuls\u00e3o 1.15","qty":148.686,"mytype":"bulk"}]	0	0	0	0	1	thiago.ferreira@enaex.com	thiago.ferreira@enaex.com	9005	23/05/2026, 13:13:08		0	0	0			0	0		0.14	0.14	748540.4	748540.4	8930260.883	8930260.883	1	0	0	0		0	0	0	0	0	0						0
294	10.659	10.6	2.3	2.3	0	0	0	0	0.6	0.6	147.978	147.978	147.978	147.978	0	0	[{"name":"Emuls\u00e3o 1.15","qty":147.978,"mytype":"bulk"}]	0	1	0	3	1	thiago.ferreira@enaex.com	thiago.ferreira@enaex.com	9005	23/05/2026, 13:12:45		0	0	0			0	0		0.14	0.14	748540.379	748540.379	8930257.477	8930257.477	1	0	0	0		0	0	0	0	0	0						0
295	10.668	10.3	2.3	2.3	0	0	0	0	0.6	0.6	148.138	148.138	148.138	148.138	0	0	[{"name":"Emuls\u00e3o 1.15","qty":148.138,"mytype":"bulk"}]	0	1	0	3	1	thiago.ferreira@enaex.com	thiago.ferreira@enaex.com	9005	23/05/2026, 13:12:33		0	0	0			0	0		0.14	0.14	748540.381	748540.381	8930254.115	8930254.115	1	0	0	0		0	0	0	0	0	0						0
298	10.955	9.8	2.3	2.3	0	0	0	0	0.6	0.6	153.218	153.218	153.218	153.218	0	0	[{"name":"Emuls\u00e3o 1.15","qty":153.218,"mytype":"bulk"}]	0	0	0	0	1	thiago.ferreira@enaex.com	thiago.ferreira@enaex.com	9005	23/05/2026, 13:11:15		0	0	0			0	0		0.14	0.14	748537.411	748537.411	8930255.784	8930255.784	1	0	0	0		0	0	0	0	0	0						0
299	11.167	10	2.3	2.3	0	0	0	0	0.6	0.6	156.971	156.971	156.971	156.971	0	0	[{"name":"Emuls\u00e3o 1.15","qty":156.971,"mytype":"bulk"}]	0	0	0	0	1	thiago.ferreira@enaex.com	thiago.ferreira@enaex.com	9005	23/05/2026, 13:11:53		0	0	0			0	0		0.14	0.14	748537.465	748537.465	8930259.191	8930259.191	1	0	0	0		0	0	0	0	0	0						0
300	11.141	9.8	2.3	2.3	0	0	0	0	0.6	0.6	156.511	156.511	156.511	156.511	0	0	[{"name":"Emuls\u00e3o 1.15","qty":156.511,"mytype":"bulk"}]	0	0	0	0	1	thiago.ferreira@enaex.com	thiago.ferreira@enaex.com	9005	23/05/2026, 13:12:05		0	0	0			0	0		0.14	0.14	748537.464	748537.464	8930262.562	8930262.562	1	0	0	0		0	0	0	0	0	0						0
301	11.009	10.3	2.3	2.3	0	0	0	0	0.6	0.6	154.174	154.174	154.174	154.174	0	0	[{"name":"Emuls\u00e3o 1.15","qty":154.174,"mytype":"bulk"}]	0	0	0	0	1	thiago.ferreira@enaex.com	thiago.ferreira@enaex.com	9005	23/05/2026, 13:12:28		0	0	0			0	0		0.14	0.14	748537.428	748537.428	8930265.917	8930265.917	1	0	0	0		0	0	0	0	0	0						0
302	11.218	10.5	2.3	2.3	0	0	0	0	0.6	0.6	157.874	157.874	157.874	157.874	0	0	[{"name":"Emuls\u00e3o 1.15","qty":157.874,"mytype":"bulk"}]	0	1	0	5	1	thiago.ferreira@enaex.com	thiago.ferreira@enaex.com	9005	23/05/2026, 13:12:49		0	0	0			0	0		0.14	0.14	748537.475	748537.475	8930269.292	8930269.292	1	0	0	0		0	0	0	0	0	0						0
303	11.441	10.7	2.3	2.3	0	0	0	0	0.6	0.6	161.822	161.822	161.822	161.822	0	0	[{"name":"Emuls\u00e3o 1.15","qty":161.822,"mytype":"bulk"}]	0	0	0	0	1	thiago.ferreira@enaex.com	thiago.ferreira@enaex.com	9005	23/05/2026, 13:13:06		0	0	0			0	0		0.14	0.14	748537.428	748537.428	8930272.66	8930272.66	1	0	0	0		0	0	0	0	0	0						0
304	11.69	11	2.3	2.3	0	0	0	0	0.6	0.6	166.23	166.23	166.23	166.23	0	0	[{"name":"Emuls\u00e3o 1.15","qty":166.23,"mytype":"bulk"}]	0	0	0	0	1	thiago.ferreira@enaex.com	thiago.ferreira@enaex.com	9005	23/05/2026, 13:13:21		0	0	0			0	0		0.14	0.14	748537.445	748537.445	8930276.021	8930276.021	1	0	0	0		0	0	0	0	0	0						0
305	11.723	11.2	2.3	2.3	0	0	0	0	0.6	0.6	166.814	173.1	166.814	173.1	0	0	[{"index":1,"mytype":"bulk","name":"Emuls\u00e3o 1.15","qty":173.1,"weight":1}]	0	1	0	3	1	thiago.ferreira@enaex.com	thiago.ferreira@enaex.com	9005	25/05/2026, 17:36:50		0	0	0			0	0		0.14	0.14	748537.455	748537.455	8930279.383	8930279.383	1	0	0	0		0	0	0	0	0	0						0
321	12.049	0	2.3	0	0	0	0	0	0.6	0	172.585	0	172.585	0	0	0		0	0	0	0	0			0		[]	0	0	0			0	0		0.14	0	748574.74	0	8930289.51	0	1	0	0	0		0	0	0	0	0	0						0
333	11.911	0	2.3	0	0	0	0	0	0.6	0	170.142	0	170.142	0	0	0		0	0	0	0	0			0		[]	0	0	0			0	0		0.14	0	748572.49	0	8930286.14	0	1	0	0	0		0	0	0	0	0	0						0
334	11.747	0	2.3	0	0	0	0	0	0.6	0	167.239	0	167.239	0	0	0		0	0	0	0	0			0		[]	0	0	0			0	0		0.14	0	748572.49	0	8930292.88	0	1	0	0	0		0	0	0	0	0	0						0
343	11.997	0	2.3	0	0	0	0	0	0.6	0	171.665	0	171.665	0	0	0		0	0	0	0	0			0		[]	0	0	0			0	0		0.14	0	748570.25	0	8930296.25	0	1	0	0	0		0	0	0	0	0	0						0
344	11.977	0	2.3	0	0	0	0	0	0.6	0	171.311	0	171.311	0	0	0		0	0	0	0	0			0		[]	0	0	0			0	0		0.14	0	748570.25	0	8930289.51	0	1	0	0	0		0	0	0	0	0	0						0
399	12.057	0	2.3	0	0	0	0	0	0.6	0	172.727	0	172.727	0	0	0		0	0	0	0	0			0		[]	0	0	0			0	0		0.14	0	748559.89	0	8930252.44	0	1	0	0	0		0	0	0	0	0	0						0
448	12.512	10.9	2.3	2.3	0	0	0	0	0.6	0.6	180.782	170.8	180.782	170.8	0	0	[{"index":1,"mytype":"bulk","name":"Emuls\u00e3o 1.15","qty":170.8,"weight":1}]	0	1	0	0	1	thiago.ferreira@enaex.com	thiago.ferreira@enaex.com	9005	25/05/2026, 19:09:57		0	0	0			0	0		0.14	0.14	748555.03	748555.03	8930292.88	8930292.88	1	0	0	0		0	0	0	0	0	0						0
475	12.463	10	2.3	2.3	0	0	0	0	0.6	0.6	179.914	146.5	179.914	146.5	0	0	[{"index":1,"mytype":"bulk","name":"Emuls\u00e3o 1.15","qty":146.5,"weight":1}]	0	1	0	0	1	thiago.ferreira@enaex.com	thiago.ferreira@enaex.com	9005	25/05/2026, 18:58:33		0	0	1			0	0		0.14	0.14	748552.1	748552.1	8930294.56	8930294.56	1	0	0	0		0	0	0	0	0	0						0
476	12.271	11.4	2.3	2.3	0	0	0	0	0.6	0.6	176.515	175.6	176.515	175.6	0	0	[{"index":1,"mytype":"bulk","name":"Emuls\u00e3o 1.15","qty":175.6,"weight":1}]	0	0	0	0	1	thiago.ferreira@enaex.com	thiago.ferreira@enaex.com	9005	25/05/2026, 18:54:33		0	0	0			0	0		0.14	0.14	748552.1	748552.1	8930291.19	8930291.19	1	0	0	0		0	0	0	0	0	0						0
500	12.064	11.4	2.3	2.3	0	0	0	0	0.6	0.6	172.851	151	172.851	151	0	0	[{"index":1,"mytype":"bulk","name":"Emuls\u00e3o 1.15","qty":151,"weight":1}]	0	0	0	0	1	thiago.ferreira@enaex.com	thiago.ferreira@enaex.com	9005	25/05/2026, 18:54:38		0	0	0			0	0		0.14	0.14	748549.17	748549.17	8930289.51	8930289.51	1	0	0	0		0	0	0	0	0	0						0
501	12.362	11.9	2.3	2.3	0	0	0	0	0.6	0.6	178.126	192.7	178.126	192.7	0	0	[{"index":1,"mytype":"bulk","name":"Emuls\u00e3o 1.15","qty":192.7,"weight":1}]	0	0	0	0	1	thiago.ferreira@enaex.com	thiago.ferreira@enaex.com	9005	25/05/2026, 18:56:59		0	0	0			0	0		0.14	0.14	748549.17	748549.17	8930292.88	8930292.88	1	0	0	0		0	0	0	0	0	0						0
531	12.703	11.1	2.3	2.3	0	0	0	0	0.6	0.6	184.163	194.1	184.163	194.1	0	0	[{"index":1,"mytype":"bulk","name":"Emuls\u00e3o 1.15","qty":194.1,"weight":1}]	0	1	0	0	1	thiago.ferreira@enaex.com	thiago.ferreira@enaex.com	9005	25/05/2026, 18:12:10		0	0	0			0	0		0.14	0.14	748546.24	748546.24	8930294.56	8930294.56	1	0	0	0		0	0	0	0	0	0						0
532	12.755	11.7	2.3	2.3	0	0	0	0	0.6	0.6	185.084	202.1	185.084	202.1	0	0	[{"index":1,"mytype":"bulk","name":"Emuls\u00e3o 1.15","qty":202.1,"weight":1}]	0	0	0	0	1	thiago.ferreira@enaex.com	thiago.ferreira@enaex.com	9005	25/05/2026, 18:16:38		0	0	0			0	0		0.14	0.14	748546.24	748546.24	8930291.19	8930291.19	1	0	0	0		0	0	0	0	0	0						0
533	11.944	11.2	2.3	2.3	0	0	0	0	0.6	0.6	170.727	181.4	170.727	181.4	0	0	[{"index":1,"mytype":"bulk","name":"Emuls\u00e3o 1.15","qty":181.4,"weight":1}]	0	0	0	0	1	thiago.ferreira@enaex.com	thiago.ferreira@enaex.com	9005	25/05/2026, 18:22:23		0	0	0			0	0		0.14	0.14	748546.24	748546.24	8930287.82	8930287.82	1	0	0	0		0	0	0	0	0	0						0
555	11.96	12	2.3	2.3	0	0	0	0	0.6	0.6	171.01	190.1	171.01	190.1	0	0	[{"index":1,"mytype":"bulk","name":"Emuls\u00e3o 1.15","qty":190.1,"weight":1}]	0	1	0	0	1	thiago.ferreira@enaex.com	thiago.ferreira@enaex.com	9005	25/05/2026, 18:25:00		0	0	0			0	0		0.14	0.14	748543.31	748543.31	8930286.14	8930286.14	1	0	0	0		0	0	0	0	0	0						0
556	12.372	12.2	2.3	2.3	0	0	0	0	0.6	0.6	178.303	204.9	178.303	204.9	0	0	[{"index":1,"mytype":"bulk","name":"Emuls\u00e3o 1.15","qty":204.9,"weight":1}]	0	1	0	0	1	thiago.ferreira@enaex.com	thiago.ferreira@enaex.com	9005	25/05/2026, 18:19:00		0	0	0			0	0		0.14	0.14	748543.31	748543.31	8930289.51	8930289.51	1	0	0	0		0	0	0	0	0	0						0
557	12.957	11.7	2.3	2.3	0	0	0	0	0.6	0.6	188.66	184.9	188.66	184.9	0	0	[{"index":1,"mytype":"bulk","name":"Emuls\u00e3o 1.15","qty":184.9,"weight":1}]	0	1	0	0	1	thiago.ferreira@enaex.com	thiago.ferreira@enaex.com	9005	25/05/2026, 18:14:20		0	0	0			0	0		0.14	0.14	748543.31	748543.31	8930292.88	8930292.88	1	0	0	0		0	0	0	0	0	0						0
588	13.155	11	2.3	2.3	0	0	0	0	0.6	0.6	192.165	173	192.165	173	0	0	[{"index":1,"mytype":"bulk","name":"Emuls\u00e3o 1.15","qty":173,"weight":1}]	0	0	0	0	1	thiago.ferreira@enaex.com	thiago.ferreira@enaex.com	9005	25/05/2026, 18:07:01		0	0	0			0	0		0.14	0.14	748540.38	748540.38	8930294.56	8930294.56	1	0	0	0		0	0	0	0	0	0						0
589	12.923	11.2	2.3	2.3	0	0	0	0	0.6	0.6	188.058	173	188.058	173	0	0	[{"index":1,"mytype":"bulk","name":"Emuls\u00e3o 1.15","qty":173,"weight":1}]	0	0	0	0	1	thiago.ferreira@enaex.com	thiago.ferreira@enaex.com	9005	25/05/2026, 18:00:06		0	0	0			0	0		0.14	0.14	748540.38	748540.38	8930291.19	8930291.19	1	0	0	0		0	0	0	0	0	0						0
590	12.087	11.3	2.3	2.3	0	0	0	0	0.6	0.6	173.258	171.2	173.258	171.2	0	0	[{"index":1,"mytype":"bulk","name":"Emuls\u00e3o 1.15","qty":171.2,"weight":1}]	0	0	0	0	1	thiago.ferreira@enaex.com	thiago.ferreira@enaex.com	9005	25/05/2026, 17:54:11		0	0	0			0	0		0.14	0.14	748540.38	748540.38	8930287.82	8930287.82	1	0	0	0		0	0	0	0	0	0						0
591	11.775	11.6	2.3	2.3	0	0	0	0	0.6	0.6	167.735	180.4	167.735	180.4	0	0	[{"index":1,"mytype":"bulk","name":"Emuls\u00e3o 1.15","qty":180.4,"weight":1}]	0	0	0	0	1	thiago.ferreira@enaex.com	thiago.ferreira@enaex.com	9005	25/05/2026, 17:49:41		0	0	0			0	0		0.14	0.14	748540.38	748540.38	8930284.45	8930284.45	1	0	0	0		0	0	0	0	0	0						0
611	11.814	11.5	2.3	2.3	0	0	0	0	0.6	0.6	168.425	145	168.425	145	0	0	[{"index":1,"mytype":"bulk","name":"Emuls\u00e3o 1.15","qty":145,"weight":1}]	0	0	0	0	1	thiago.ferreira@enaex.com	thiago.ferreira@enaex.com	9005	25/05/2026, 17:47:00		0	0	0			0	0		0.14	0.14	748537.45	748537.45	8930282.77	8930282.77	1	0	0	0		0	0	0	0	0	0						0
612	11.775	11.2	2.3	2.3	0	0	0	0	0.6	0.6	167.735	151.9	167.735	151.9	0	0	[{"index":1,"mytype":"bulk","name":"Emuls\u00e3o 1.15","qty":151.9,"weight":1}]	0	0	0	0	1	thiago.ferreira@enaex.com	thiago.ferreira@enaex.com	9005	25/05/2026, 17:51:37		0	0	0			0	0		0.14	0.14	748537.45	748537.45	8930286.14	8930286.14	1	0	0	0		0	0	0	0	0	0						0
613	12.32	12	2.3	2.3	0	0	0	0	0.6	0.6	177.383	162.7	177.383	162.7	0	0	[{"index":1,"mytype":"bulk","name":"Emuls\u00e3o 1.15","qty":162.7,"weight":1}]	0	1	0	0	1	thiago.ferreira@enaex.com	thiago.ferreira@enaex.com	9005	25/05/2026, 17:57:42		0	0	0			0	0		0.14	0.14	748537.45	748537.45	8930289.51	8930289.51	1	0	0	0		0	0	0	0	0	0						0
614	13.048	13.048	2.3	2.3	0	0	0	0	0.6	0.6	190.271	171.5	190.271	171.5	0	0	[{"index":1,"mytype":"bulk","name":"Emuls\u00e3o 1.15","qty":171.5,"weight":1}]	0	1	0	0	1	thiago.ferreira@enaex.com	thiago.ferreira@enaex.com	9005	25/05/2026, 18:02:34		0	0	0			0	0		0.14	0.14	748537.45	748537.45	8930292.88	8930292.88	1	0	0	0		0	0	0	0	0	0						0
615	12.976	11.5	2.3	2.3	0	0	0	0	0.6	0.6	188.996	158.8	188.996	158.8	0	0	[{"index":1,"mytype":"bulk","name":"Emuls\u00e3o 1.15","qty":158.8,"weight":1}]	0	0	0	0	1	thiago.ferreira@enaex.com	thiago.ferreira@enaex.com	9005	25/05/2026, 18:04:57		0	0	0			0	0		0.14	0.14	748537.45	748537.45	8930296.25	8930296.25	1	0	0	0		0	0	0	0	0	0						0
253	0	12.3	0	2.3	0	0	0	0	0	0.6	0	188.9	0	188.9	0	0	[{"index":0,"mytype":"bulk","name":"","qty":188.9,"weight":0}]	0	0	0	0	1	thiago.ferreira@enaex.com	thiago.ferreira@enaex.com	9005	25/05/2026, 18:09:26	[]	0	0	0			0	0		0	0.14	0	0	0	0	0	0	0	0		0	0	0	0	0	0	0					
616	0	11	0	2.3	0	0	0	0	0	0.6	0	164.5	0	164.5	0	0	[{"index":0,"mytype":"bulk","name":"","qty":164.5,"weight":0}]	0	0	0	0	1	thiago.ferreira@enaex.com	thiago.ferreira@enaex.com	9005	25/05/2026, 19:04:46	[]	0	0	0			0	0		0	0.14	0	0	0	0	0	0	0	0		0	0	0	0	0	0	0					
617	0	11.3	0	2.3	0	0	0	0	0	0.6	0	146.9	0	146.9	0	0	[{"index":0,"mytype":"bulk","name":"","qty":146.9,"weight":0}]	0	0	0	0	1	thiago.ferreira@enaex.com	thiago.ferreira@enaex.com	9005	25/05/2026, 19:00:12	[]	0	0	0			0	0		0	0.14	0	0	0	0	0	0	0	0		0	0	0	0	0	0	0					
618	0	11.747	0	2.3	0	0	0	0	0	0.6	0	0	0	0	0	0	[]	0	0	0	0	1	thiago.ferreira@enaex.com	thiago.ferreira@enaex.com	9005	25/05/2026, 17:29:26	[]	0	0	0			0	0		0	0.14	0	0	0	0	0	0	0	0		0	0	0	0	0	0	0					
619	0	11.6	0	2.3	0	0	0	0	0	0.6	0	0	0	0	0	0	[]	0	0	0	0	1	thiago.ferreira@enaex.com	thiago.ferreira@enaex.com	9005	25/05/2026, 17:31:01	[]	0	0	0			0	0		0	0.14	0	0	0	0	0	0	0	0		0	0	0	0	0	0	0					
